ID,ParentID,Radial distance,Angle,Cluster size,Species,Cue,Observer,CSLow,CSHigh,OnWater,Aspect,Sightability,KWTransRes
1,1,1646.994236,1,1,KW,1,RW,1,1,w,4,1,R
2,1,1280.995517,3,1,KW,1,RW,1,1,w,1,1,R
3,1,164.6994236,16,2,KW,1,RW,2,2,w,2,2,R
4,1,731.997438,20,2,KW,1,RW,2,2,w,3,1,R
5,1,914.9967975,27,1,DP,1,RW,1,1,w,2,2,
6,1,484.7950639,54,3,DP,1,SH,3,3,w,1,2,
7,2,686.2475981,3,1,M,1,RW,1,1,w,1,1,
8,2,60,4,1,HS,1,CM,1,1,w,3,1,
9,2,700,4,12,DP,1,SH,10,15,w,2,4,
10,2,155.5494556,5,1,G,6,RW,,,w,,4,
11,2,250,6,5,DP,1,SH,4,7,w,2,1,
12,2,326,34,1,SSL,1,NE,1,1,w,3,1,
13,2,500,47,2,DP,1,NE,1,2,w,1,1,
14,2,425,70,2,DP,1,RW,2,3,w,1,1,
15,3,1000,5,1,M,1,NE,1,1,w,2,1,
16,3,32.02488791,18,1,G,6,RW,,,w,,3,
17,3,800,20,1,H,1,SH,1,1,w,1,1,
18,3,1762.891141,26,4,F,3,SH,,,w,2,2,
19,3,201.2992955,34,1,GW,3,RW,1,1,w,3,3,
20,3,3085.059498,38,4,GW,3,SH,3,6,w,2,3,
21,3,76,40,1,DP,1,OA,1,1,w,4,3,
22,3,2754.517409,43,2,F,3,SH,,,w,2,1,
23,3,27.44990393,44,1,G,6,RW,,,w,,1,
24,3,1500,45,2,DP,1,CM,1,2,w,1,3,
25,3,329.5978906,49,1,G,6,OA,,,w,,3,
26,3,1098.659635,60,1,H,1,OA,,,w,2,2,
27,3,110.1806963,60,1,GW,1,SH,,1,w,3,2,
28,3,1098.659635,65,6,DP,1,OA,2,8,w,2,3,
29,3,1800,72,1,H,1,RW,1,1,w,2,1,
30,3,25.61991033,74,1,G,6,RW,,,w,,3,
31,3,2197.31927,80,2,DP,1,OA,2,2,w,1,3,
32,3,175,81,5,DP,3,CM,,,w,2,1,
33,3,1646.994236,86,1,F,3,RW,,,w,5,1,
34,4,952.3809524,5,6,HS,1,NE,4,9,l,5,3,
35,4,200,18,2,DP,1,CM,1,4,w,1,2,
36,4,329.5978906,20,1,G,6,OA,,,w,,1,
37,4,600,22,1,DP,1,CM,1,2,w,2,2,
38,4,350,24,1,DP,1,cm,1,1,w,1,2,
39,4,1500,26,1,F,3,CM,1,1,w,2,2,
40,4,749.2287351,27,1,HS,1,SH,1,1,l,5,3,
41,4,771.2648744,28,1,HS,1,SH,1,1,w,3,1,
42,4,251.6241193,29,1,DP,1,RW,1,1,w,1,2,
43,4,1642.036125,30,1,DP,1,NE,1,1,w,1,1,
44,4,821.0180624,33,1,DP,1,ne,1,1,w,1,2,
45,4,550,39,1,DP,1,CM,1,2,w,2,2,
46,4,1642.036125,55,2,HS,1,NE,1,2,w,3,3,
47,4,140,60,4,HS,1,OA,4,4,w,3,1,
48,4,2463.054187,62,25,KW,3,NE,25,35,w,,1,R
49,4,1647.989453,65,15,KW,3,OA,6,30,w,1,1,R
50,4,648.6042693,68,4,HS,1,NE,3,4,l,5,3,
51,4,203,70,2,HS,1,RW,2,2,w,3,1,
52,4,400,70,1,HS,1,NO,1,1,w,3,2,
53,4,24.2397532,90,1,G,6,SH,,,w,,3,
54,4,662.4917601,90,1,HS,1,OA,1,1,w,3,1,
55,4,129,90,1,M,2,SH,1,1,w,3,2,
56,4,190,90,1,G,6,RW,,,w,,2,
57,4,224,90,1,G,6,RW,,,w,,2,
58,4,2463.054187,120,1,KW,1,NE,1,1,w,1,1,R
59,4,950,130,4,DP,1,CM,3,5,w,4,2,
60,4,328.407225,160,1,G,6,ne,,,w,,2,
61,5,1231.527094,23,1,DP,1,NE,1,1,w,1,1,
62,5,869.2469576,24,1,HS,1,RW,1,1,w,3,1,
63,5,439.4638541,49,1,DP,1,OA,1,2,w,1,1,
64,5,418.6866461,54,1,HS,1,SH,1,1,w,3,1,
65,5,574.7126437,67,2,U,1,NE,2,2,w,2,1,
66,6,100,1,1,SSL,1,CM,1,1,w,3,1,
67,6,686.2475981,5,1,DP,1,RW,1,1,w,1,2,
68,6,450,8,3,DP,1,RW,3,,w,1,1,
69,6,226.9192058,12,3,HP,3,RW,3,4,w,3,1,
70,6,1647.989453,15,2,H,1,OA,2,3,w,2,1,
71,6,165.2710445,18,1,HP,1,SH,1,1,w,2,1,
72,6,1098.659635,20,1,H,1,OA,1,1,w,4,1,
73,6,800,24,2,DP,1,CM,1,2,w,1,1,
74,6,700,25,2,DP,1,E,2,2,w,1,1,
75,6,617.0118995,32,3,HP,1,SH,3,4,w,1,1,
76,6,343.1237991,42,1,U,3,RW,1,1,w,5,1,
77,6,54.18719212,44,1,G,6,NE,,,w,,2,
78,6,500,50,2,DP,1,CM,2,3,w,2,1,
79,6,600,53,1,DP,1,CM,1,1,w,1,2,
80,6,100.6496477,57,1,G,6,RW,1,1,w,,1,
81,6,462.7589246,58,1,HS,1,SH,1,1,w,3,1,
82,6,1652.710445,60,1,HP,1,SH,1,1,w,2,1,
83,6,99.16262671,64,3,HP,1,SH,3,3,w,2,1,
84,6,160.1244396,67,1,DP,1,RW,1,1,w,1,2,
85,6,375,68,3,DP,2,RW,,4,w,1,1,
86,6,34.76987831,68,1,G,6,RW,,,w,,1,
87,6,200,69,2,HP,1,CM,2,2,w,2,1,
88,6,260,69,1,HP,1,SH,1,1,w,2,1,
89,6,172,75,1,U,1,SH,1,1,w,,1,
90,6,400,76,3,DP,5,CM,3,5,w,1,1,
91,6,1000,80,4,DP,2,OA,4,6,w,2,1,
92,6,300,80,2,DP,1,OA,2,2,w,2,1,
93,6,305,88,1,HS,1,RW,1,1,w,3,1,
94,6,385.6324372,90,5,DP,1,SH,4,5,w,2,1,
95,6,200,90,2,HS,1,CM,2,2,w,3,1,
96,6,300,97,1,DP,1,CM,1,2,w,1,1,
97,6,300,99,2,DP,1,CM,2,2,w,1,1,
98,7,160.1244396,6,1,HS,1,RW,1,1,w,2,2,
99,7,659.1957811,20,2,DP,1,OA,2,4,w,1,3,
100,7,495.8131335,25,2,DP,1,SH,2,4,w,2,1,
101,7,173.8493915,26,1,DP,1,RW,1,1,w,4,2,
102,7,500,29,2,DP,1,CM,2,3,w,3,2,
103,7,600,33,1,DP,1,CM,1,1,w,1,1,
104,7,231.3794623,37,1,DP,1,SH,1,1,w,1,1,
105,7,329.5978906,42,1,DP,1,OA,1,1,w,1,3,
106,7,205.8742794,65,1,M,1,RW,1,1,w,2,1,
107,7,164.6994236,82,1,G,6,RW,,,w,,1,
108,7,320.2488791,90,1,DP,1,RW,1,1,w,2,1,
109,8,658.7976942,0,1,HS,1,rw,1,1,l,5,2,
110,8,80.45977011,0,1,SSL,1,ne,1,1,w,3,3,
111,8,103.3946381,0,3,PW,2,rw,3,4,w,2,3,
112,8,80.20215337,2,2,PW,1,oa,2,2,w,3,3,
113,8,62.21978223,3,1,U,1,rw,1,1,w,1,3,
114,8,131.8391562,3,2,HP,1,oa,2,3,w,3,3,
115,8,1743.094663,5,2,H,1,hs,2,3,w,4,2,
116,8,1542.529749,9,1,H,1,sh,1,1,w,4,2,
117,8,750,14,1,H,3,hs,1,1,w,2,2,
118,8,57.64479824,14,2,PW,1,rw,2,2,w,2,3,
119,8,558.1480465,18,1,H,1,rw,1,1,w,1,2,
120,8,80,20,1,HS,1,RW,1,1,w,3,1,
121,8,1600,21,2,H,3,hs,2,2,w,2,2,
122,8,1234.023799,21,3,H,1,sh,2,4,w,2,2,
123,8,980,23,1,H,3,hs,1,1,w,1,2,
124,8,338.5488151,25,1,H,1,rw,1,1,w,1,2,
125,8,16,35,1,HS,1,NE,1,1,w,3,1,
126,8,352.5782283,38,2,H,3,sh,2,2,w,3,2,
127,8,56.31536605,42,1,G,1,hs,,,w,,3,
128,8,12.80995517,47,1,G,6,rw,1,1,w,,3,
129,8,988.7936717,49,1,H,3,oa,1,1,w,2,3,
130,8,42.69293924,51,1,S,1,ne,1,1,w,1,2,
131,8,1750,62,1,H,3,hs,1,1,w,1,2,
132,8,439.4638541,62,3,PW,1,oa,2,6,w,1,3,
133,8,878.9277082,62,1,H,3,oa,1,2,w,3,2,
134,8,782.282944,64,1,F,3,sh,1,1,w,5,2,
135,8,782.282944,64,2,H,3,SH,2,2,w,,2,
136,8,782.282944,64,12,PW,1,SH,8,15,w,,2,
137,8,782.282944,64,7,KW,1,SH,7,7,w,,2,T
138,8,782.282944,64,1,MM,1,SH,1,1,w,,2,
139,8,572.939621,68,1,H,3,sh,1,1,w,4,2,
140,8,126.3458581,69,5,PW,1,oa,5,10,w,3,3,
141,8,46.92947171,74,1,G,1,hs,,,w,,4,
142,8,33.52105122,78,1,G,1,hs,,,w,,4,
143,8,9.385894342,90,1,G,1,hs,,,w,,4,
144,8,283.6490072,90,1,H,1,rw,1,1,w,1,3,
145,9,473,0,1,HS,1,OA,1,1,w,1,3,
146,9,339,0,2,HS,1,HS,2,3,l,5,3,
147,9,460,0,2,HS,1,HS,2,2,l,5,2,
148,9,598,0,1,SSL,1,HS,1,1,w,3,2,
149,9,355,2,1,HS,1,HS,1,1,w,3,4,
150,9,2287.491994,3,2,H,3,rw,2,2,w,2,3,
151,9,400,3,2,HS,1,HS,1,2,w,3,4,
152,9,661.0841781,9,4,PW,2,sh,4,6,w,3,2,
153,9,67.04210244,15,1,MM,1,hs,1,1,w,5,2,
154,9,109.8659635,17,1,MM,1,oa,1,1,w,5,2,
155,9,118.9495837,17,2,PW,1,rw,2,3,w,1,4,
156,9,1098.659635,18,1,U,2,OA,1,1,w,5,2,
157,9,201.2992955,26,3,DP,1,rw,2,3,w,1,3,
158,9,100.6496477,27,1,HS,1,rw,1,1,w,3,4,
159,9,247.9065668,32,1,G,6,SH,,,w,,3,
160,9,878.9277082,32,8,DP,2,OA,6,15,w,2,2,
161,9,1098.659635,35,1,U,3,oa,1,1,w,3,2,
162,9,388.8736389,38,2,PW,2,rw,2,3,w,1,2,
163,9,109.8659635,47,1,HP,1,OA,1,1,w,2,2,
164,9,440.7227854,48,2,DP,2,sh,2,3,w,2,3,
165,9,275.4517409,48,1,M,1,sh,1,1,w,4,2,
166,9,343.1237991,55,9,PW,1,rw,8,12,w,3,2,
167,9,538,72,5,HS,1,HS,5,8,l,5,2,
168,9,350,89,10,DP,2,HS,10,12,w,2,2,
169,9,44.07227854,90,1,HS,1,sh,1,1,w,3,2,
170,9,87.89277082,90,1,HS,1,OA,1,1,w,3,4,
171,10,821.0180624,0,4,PW,1,NE,2,4,w,2,3,
172,10,2.203613927,1,1,G,6,SH,,,w,,3,
173,10,2.19731927,4,1,S,1,OA,1,1,w,3,4,
174,10,335.2105122,19,1,H,1,HS,1,2,w,2,4,
175,10,329.5978906,23,2,PW,1,OA,2,5,w,1,4,
176,10,32.95978906,25,1,S,1,OA,1,1,w,2,4,
177,10,45.74983988,27,2,PW,1,RW,2,2,w,1,2,
178,10,878.9277082,28,1,F,3,OA,1,1,w,5,3,
179,10,903.1198686,43,1,F,3,NE,1,1,w,2,2,
180,10,33.52105122,47,1,MM,1,HS,1,1,w,1,2,
181,10,335.2105122,48,1,ES,1,HS,1,1,w,3,4,
182,10,1642.036125,60,1,ES,1,NE,1,1,w,3,2,
183,10,16.42036125,66,2,S,1,NE,2,2,w,1,2,
184,10,418.6866461,72,1,DP,1,SH,1,3,w,1,3,
185,10,3284.07225,82,1,H,3,NE,1,1,w,4,2,
186,10,49.26108374,83,1,S,1,NE,1,1,w,2,2,
187,10,64.04977583,90,2,PW,2,RW,2,2,w,3,2,
188,10,8.210180624,90,1,G,6,NE,,,w,,3,
189,10,46.92947171,110,1,M,1,HS,1,1,w,1,2,
190,10,492.6108374,145,1,H,1,NE,1,1,w,2,2,
191,11,13.40842049,0,4,PW,2,HS,3,5,w,4,4,
192,11,494.0982707,3,3,DP,1,RW,3,3,w,2,2,
193,11,517.8492728,4,5,PW,1,SH,5,6,w,2,4,
194,11,219.731927,10,15,PW,2,OA,15,25,w,2,2,
195,11,350,11,15,PW,1,HS,10,20,w,1,2,
196,11,1500,15,20,PW,2,OA,15,25,w,1,2,
197,11,201.1263073,15,1,PW,1,HS,1,1,w,2,4,
198,11,109.8659635,15,6,PW,1,OA,5,10,w,3,2,
199,11,40.22526146,24,1,MM,1,HS,1,1,w,2,2,
200,11,251.6241193,27,1,S,1,RW,1,1,w,2,2,
201,11,250,29,15,PW,1,HS,12,15,w,2,2,
202,11,400,30,1,PW,1,OA,1,3,w,1,2,
203,11,283.6490072,32,1,G,6,RW,,,w,,2,
204,11,402.2526146,37,2,PW,2,HS,2,2,w,2,2,
205,11,64.04977583,39,1,S,1,RW,1,1,w,1,2,
206,11,283.6490072,41,1,S,6,RW,1,1,w,4,2,
207,11,54.93298176,42,1,S,6,OA,1,1,w,4,2,
208,11,160.9010459,45,5,PW,1,hs,5,5,w,1,4,
209,11,198.3252534,46,3,PW,1,SH,2,3,w,2,4,
210,11,352.5782283,49,3,PW,1,SH,3,3,w,3,4,
211,11,2744.990393,49,6,U,3,RW,4,10,w,1,3,
212,11,65.91957811,51,1,S,1,OA,1,1,w,4,2,
213,11,429.0694556,52,12,PW,1,HS,8,12,w,2,2,
214,11,700,53,2,PW,1,HS,2,4,w,1,2,
215,11,1000,55,10,PW,2,OA,5,20,w,3,2,
216,11,1322.168356,66,2,H,3,SH,1,2,w,1,3,
217,11,594.7479184,67,1,H,1,RW,1,1,w,2,3,
218,11,11.49425287,69,1,S,1,NE,1,1,w,1,4,
219,11,300,72,1,ES,1,OA,1,1,w,3,3,
220,11,88.14455707,75,1,S,1,SH,1,1,w,2,2,
221,11,27.91461412,79,1,S,1,NE,1,1,w,1,4,
222,11,335.2105122,80,3,PW,1,HS,3,3,w,3,4,
223,11,113.9715741,86,1,G,6,HS,,,w,,4,
224,11,44.07227854,88,1,S,1,SH,1,1,w,2,2,
225,11,44.07227854,90,4,PW,1,SH,3,5,w,2,4,
226,11,65.68144499,90,1,S,1,NE,1,1,w,3,2,
227,11,32.95978906,90,1,S,6,OA,1,1,w,3,2,
228,11,32.95978906,90,1,S,1,OA,1,1,w,1,2,
229,11,16.52710445,90,1,G,6,SH,,,w,,2,
230,12,559,2,18,pw,2,oa,18,30,w,3,2,
231,12,25.26917161,3,1,S,1,OA,1,1,w,2,4,
232,12,240,3,1,pw,2,rw,1,1,w,3,2,
233,12,900,10,20,pw,2,mm,20,40,w,2,2,
234,12,963,21,4,pw,2,mm,4,5,w,2,2,
235,12,38.45308723,26,1,G,6,OA,,,w,,4,
236,12,530,26,5,pw,1,oa,5,10,w,2,2,
237,12,1200,30,30,pw,2,oa,20,35,w,2,2,
238,12,1174,40,4,KW,1,MM,4,4,w,1,1,T
239,12,653.1678641,40,20,pw,2,mm,20,40,w,2,2,
240,12,674,40,15,pw,2,mm,15,30,w,3,2,
241,12,13.136289,43,1,S,1,NE,1,1,w,2,1,
242,12,746.477559,50,60,pw,2,mm,60,80,w,3,2,
243,12,484.7950639,52,1,HS,1,SH,1,1,w,1,1,
244,12,800,53,1,h,3,ne,1,1,w,1,3,
245,12,329.5978906,72,1,mm,1,oa,1,1,w,2,2,
246,12,9.330969488,90,1,mm,1,mm,1,1,w,5,3,
247,12,27.54517409,90,1,mm,1,sh,1,1,w,5,3,
248,12,11.89495837,90,1,g,6,rw,,,w,,4,
249,12,3.30542089,90,1,G,6,SH,,,w,,4,
250,12,76,90,50,pw,2,mm,50,55,w,3,2,
251,12,18.66193898,90,1,s,1,mm,1,1,w,1,3,
252,13,22.87491994,35,1,es,1,rw,1,1,w,3,3,
253,13,10,50,1,g,6,ae,,,w,,2,
254,13,24.70491353,52,1,s,1,rw,1,1,w,3,2,
255,13,150,53,2,g,6,oa,,,w,,2,
256,13,186.6193898,55,1,hs,1,mm,1,1,w,3,2,
257,13,267,76,1,es,1,sh,1,1,w,3,4,
258,13,29.55665025,90,1,g,6,ne,,,w,,4,
259,13,27.54517409,90,1,g,6,sh,,,w,,2,
260,14,1300,4,35,PW,2,SH,20,40,w,5,2,
261,14,180,8,3,PW,2,RW,3,3,w,5,2,
262,14,950,13,18,PW,2,SH,12,25,w,2,2,
263,14,388.8736389,19,1,U,3,RW,1,1,w,5,2,
264,14,1700,25,2,H,3,OA,2,3,w,3,2,
265,14,311.0989112,27,1,M,1,RW,1,1,w,1,2,
266,14,68.62475981,30,1,G,6,RW,,,w,,2,
267,14,410,39,5,PW,2,SH,5,10,w,3,1,
268,14,1200,60,12,PW,2,SH,5,12,w,2,2,
269,14,170,90,2,PW,2,RW,2,4,w,3,2,
270,14,82.63552226,90,1,G,6,SH,1,1,w,,2,
301,17,2.744990393,50,1,G,1,rw,,,w,,3,
302,17,45.97701149,54,1,HS,1,ne,1,1,w,4,1,
303,17,95,69,1,HS,1,ne,1,1,w,3,3,
304,17,219,81,3,HS,1,ne,3,3,w,3,3,
305,17,120.6757844,90,1,G,1,hs,,,w,,3,
306,17,206,90,4,HS,1,ne,4,4,l,5,3,
307,17,216,155,1,HS,1,hs,1,1,w,3,3,
308,18,68.31203173,7,1,HS,1,SH,1,1,w,2,2,
309,18,443.3497537,45,2,DP,1,NE,2,2,w,2,4,
310,18,139.5730706,61,3,HP,1,NE,3,3,w,1,2,
311,18,1076.686443,79,4,KW,3,OA,2,5,w,4,4,R
312,18,356,81,3,HS,1,NE,3,4,l,5,2,
313,18,600,82,19,HS,1,NE,15,20,l,5,2,
314,18,143,84,1,HS,1,rw,1,1,w,2,2,
315,18,316,90,2,HP,1,NE,2,2,w,5,2,
316,19,785.5416392,0,1,HS,1,OA,1,1,w,1,2,
317,19,162,2,1,HS,1,RW,1,1,w,1,1,
318,19,162.601626,3,2,PW,1,OA,2,2,w,1,2,
319,19,201.2992955,4,2,HP,1,RW,2,2,w,2,1,
320,19,731.997438,5,2,HP,1,rw,2,2,w,2,1,
321,19,173.8493915,5,1,HP,1,RW,1,1,w,2,1,
322,19,461.4370468,6,1,HS,1,OA,1,1,w,3,1,
323,19,439.1984628,9,1,HS,1,rw,1,1,w,1,1,
324,19,318.6112942,11,1,HP,1,OA,1,1,w,2,1,
325,19,210.4492634,11,1,HP,1,RW,1,1,w,4,1,
326,19,461.4370468,21,1,HS,1,oa,1,1,w,1,2,
327,19,181.2788398,22,1,HS,1,OA,1,1,w,3,2,
328,19,49,31,1,HS,1,oa,1,1,w,3,1,
329,19,700,34,1,HS,1,OA,1,1,w,3,1,
330,19,104.5856798,36,1,HS,1,HS,1,1,w,1,2,
361,21,298.8505747,37,1,HS,1,NE,1,1,w,3,2,
362,21,114.9425287,37,1,G,1,ne,,,w,,2,
363,21,116.5845649,39,1,HS,1,ne,1,1,w,3,2,
364,21,574.7126437,39,1,HP,1,NE,1,1,w,1,2,
365,21,100.5631537,51,2,HP,1,HS,2,2,w,1,2,
366,21,340.5844869,51,1,HP,1,oa,1,2,w,2,1,
367,21,704.5475341,71,2,HP,1,rw,1,2,w,2,1,
368,21,52.2928399,71,1,HS,1,HS,1,1,w,2,2,
369,21,181.0136766,82,1,HS,1,hs,1,1,w,4,1,
370,21,50.32482386,82,1,HS,1,RW,1,1,w,3,2,
371,21,185.5500821,89,2,HS,1,ne,2,2,w,1,2,
372,21,348.6189327,90,1,HS,1,hs,1,1,w,3,1,
373,21,476,90,1,HS,1,rw,1,1,w,3,1,
374,22,785,3,1,HS,1,AE,1,1,w,2,2,
375,22,234.6473585,10,1,HS,1,HS,1,1,w,3,2,
376,22,353.9823009,11,1,HP,1,HS,1,2,w,2,2,
377,22,219.5992314,14,1,HS,1,RW,1,1,w,2,2,
378,22,462.5905068,16,1,HS,1,HS,1,1,w,4,2,
379,22,415.6610351,23,1,HS,1,HS,1,1,w,3,2,
380,22,301.689461,30,2,HP,1,HS,2,2,w,1,2,
381,22,1180,34,1,HS,1,OA,1,1,w,1,2,
382,22,258.1850143,36,1,HS,1,OA,1,1,w,3,2,
383,22,435.7736659,39,3,HP,1,HS,3,3,w,1,2,
384,22,315.0978815,49,1,HS,1,HS,1,1,w,2,2,
385,22,338,50,2,HS,1,ne,2,2,l,5,3,
386,22,120.6757844,62,1,HS,1,HS,1,1,w,3,2,
387,22,512,67,2,HS,1,sh,2,2,l,5,1,
388,22,183,72,2,HS,1,sh,2,2,l,5,3,
389,22,397,90,1,HS,1,rw,1,1,w,3,1,
390,23,113,0,1,HS,1,RW,1,1,w,3,2,
421,26,341,42,17,HS,1,ne,17,20,w,5,2,
422,26,600,90,25,HS,1,hs,25,27,l,5,2,
423,26,753,90,8,HS,1,ne,8,8,l,5,2,
424,26,644,96,1,HS,1,hs,1,1,w,5,2,
425,27,302.1313997,0,1,HS,1,OA,1,1,w,2,2,
426,27,628.0299691,22,1,HS,1,sh,1,1,w,3,2,
427,27,315.1167915,25,1,HS,1,sh,1,1,w,2,2,
428,27,29.66381015,33,1,G,6,OA,,,w,,2,
429,27,105.9265219,43,1,G,6,HS,,,w,,2,
430,27,367.816092,45,1,HS,1,ne,1,1,w,2,2,
431,27,375,57,1,HS,1,HS,1,1,l,5,2,
432,27,270.9359606,57,1,HS,1,NE,1,1,w,2,2,
433,27,83.73732922,65,1,HS,1,sh,1,1,w,1,2,
434,28,107.0546253,11,1,HS,1,rw,1,1,w,2,1,
435,28,812.8078818,38,1,HS,2,NE,1,1,w,5,1,
436,28,315.3153153,43,1,HS,1,oa,1,1,w,3,1,
437,28,291.1448033,49,1,HS,1,oa,1,1,w,3,1,
438,28,31,62,1,HS,1,rw,1,1,w,3,1,
439,28,157.3794492,83,1,HS,1,rw,1,1,w,1,1,
440,28,137.3324544,90,1,HS,1,oa,1,1,w,3,1,
441,28,1346.469622,90,6,HS,1,ne,6,6,l,5,1,
442,28,1088.763744,90,5,HS,1,hs,5,5,w,5,1,
443,28,43.00484948,90,1,HS,1,rw,1,1,w,3,1,
444,29,850,4,1,HS,2,rw,1,1,w,5,1,
445,29,546.4962539,23,1,HS,1,sh,1,1,w,3,1,
446,29,181.0136766,61,1,HS,1,hs,1,1,w,4,2,
447,29,75,71,1,HS,1,oa,1,1,w,4,3,
448,29,41.74906614,79,1,HS,1,oa,1,1,w,2,2,
449,29,146,90,1,HS,1,rw,1,1,w,3,1,
450,30,175,35,1,HP,1,e,1,1,w,1,2,
481,33,480,4,1,HS,1,NE,1,1,w,5,2,
482,33,180.6239737,4,1,HS,1,ne,1,1,w,3,2,
483,33,1067.323481,28,3,HP,1,NE,3,3,w,2,2,
484,33,492.6108374,63,1,HP,1,NE,1,1,w,2,2,
485,33,272,64,1,HS,1,HS,1,1,w,3,2,
486,33,498.7932422,69,2,DP,1,HS,2,2,w,2,2,
487,33,724.0547064,81,1,HP,1,HS,1,1,w,4,2,
488,33,131,83,5,HS,1,HS,5,5,w,5,2,
489,33,223,135,1,HS,1,hs,1,1,w,5,2,
490,34,44,0,1,G,1,rw,,,w,,3,
491,34,820,8,1,M,1,hs,1,1,w,2,2,
492,34,285.5993564,26,1,HS,1,hs,1,1,w,3,1,
493,34,109.7996157,32,1,HS,1,rw,1,1,w,2,2,
494,34,462.5905068,37,1,hs,1,hs,1,1,w,3,2,
495,34,36.5998719,40,1,HP,1,rw,1,1,w,2,3,
496,34,747.088552,54,12,hs,1,oa,12,17,l,5,2,
497,34,829.4880246,59,11,HS,1,oa,10,15,l,5,1,
498,34,791.0349374,72,4,HS,1,oa,3,6,l,5,1,
499,34,1196.031108,74,11,HS,1,hs,11,15,l,5,1,
500,34,233.3065165,74,3,hs,1,hs,3,4,w,5,2,
501,34,240.0107267,74,3,hs,1,hs,3,4,l,5,2,
502,34,250.4943968,83,1,HS,1,oa,1,1,w,1,1,
503,34,24.2397532,90,1,G,1,sh,,,w,,3,
504,34,49.58131335,90,1,G,6,sh,,,w,,3,
505,34,43,90,1,G,6,sh,,,w,,3,
506,34,5,90,1,G,6,hs,,,w,,3,
507,34,16,90,1,G,6,hs,,,w,,3,
508,34,8.234971178,90,1,G,6,rw,,,w,,3,
509,35,593.276203,3,1,HP,1,oa,1,1,w,2,1,
510,35,576,11,1,HS,1,rw,1,1,l,1,2,
541,43,64.04977583,90,1,HS,1,RW,1,1,w,3,1,
542,44,68.62475981,28,1,G,1,RW,1,1,w,,1,
543,45,71.41287629,78,1,G,1,OA,1,1,w,,1,
544,46,758,0,2,HS,1,OA,2,2,l,5,1,
545,46,98,11,1,G,6,RW,,,w,,1,
546,46,271,36,1,HS,1,RW,1,1,l,5,1,
547,46,448,41,2,HS,1,RW,2,2,l,5,1,
548,46,388,42,5,HS,1,OA,5,5,l,5,1,
549,46,484,48,1,HS,1,RW,1,1,l,5,1,
550,46,384,49,1,HS,1,OA,1,1,w,2,1,
551,46,363,61,1,HS,1,OA,1,1,l,5,1,
552,46,415.4085461,87,1,HS,1,RW,1,1,l,5,1,
553,46,458,90,1,HS,1,RW,1,1,w,1,1,
554,47,3448.275862,9,2,H,3,NE,2,2,w,2,1,
555,47,3284.07225,9,2,H,1,NE,2,2,w,1,1,
556,47,3448.275862,90,1,H,3,NE,1,1,w,1,1,
557,47,275,90,8,SSL,1,RW,8,8,l,5,1,
558,47,270,90,5,SSL,1,RW,5,6,w,3,1,
559,47,170,90,3,SSL,1,RW,2,4,w,3,1,
560,48,225,0,2,HS,1,RW,2,2,l,5,1,
561,48,3119.868637,47,1,H,1,NE,1,1,w,1,1,
562,48,3000,86,1,H,3,NE,1,1,w,1,1,
563,49,853,34,1,H,3,HS,1,1,w,4,1,
564,50,1021.753461,11,5,H,3,OA,2,6,w,1,4,
565,50,538.5878489,30,1,G,6,NE,,,w,,2,
566,50,1355.222565,31,2,HS,1,SH,2,3,l,2,2,
567,50,1239.737274,58,5,HS,1,NE,5,6,l,3,2,
568,50,4.926108374,90,1,G,6,NE,,,w,,2,
569,51,1555.494556,81,1,H,3,RW,1,1,w,2,2,
570,52,740,47,1,HS,1,HS,1,1,w,2,1,
601,65,431,90,6,HS,2,rw,6,6,w,5,1,
602,66,329,90,2,HS,2,rw,2,2,w,4,1,
603,66,129.7208539,90,1,G,1,ne,,,w,,2,
604,67,344,33,9,HS,1,ne,8,9,l,5,2,
605,67,558.2922824,33,5,HS,1,ne,4,5,w,3,2,
606,67,209,76,1,HS,1,E,1,1,w,3,2,
607,68,244,3,1,hs,1,rw,1,1,w,3,2,
608,68,133,57,1,hs,1,sh,1,1,w,3,2,
609,69,104.3096349,8,1,HS,1,RW,1,1,w,3,1,
610,69,138,20,2,hs,1,ne,2,2,w,3,1,
611,69,117,40,2,HS,1,RW,2,2,l,5,1,
612,69,985.2216749,63,1,HS,1,NE,1,1,w,3,1,
613,70,303,4,2,HS,1,NE,2,2,w,3,1,
614,70,157,9,1,hp,1,rw,1,2,w,1,1,
615,70,505.3834322,21,1,HS,1,OA,1,1,w,2,1,
616,70,461.4370468,26,1,HS,1,OA,1,1,l,5,1,
617,70,349.373764,33,1,hs,1,oa,1,1,w,1,1,
618,70,417.4906614,36,1,hs,1,oa,1,1,w,1,1,
619,70,329.5978906,49,7,hs,1,oa,7,7,w,5,1,
620,70,878.9277082,81,4,hs,1,oa,4,5,l,5,1,
621,70,427,90,3,HS,1,RW,3,3,l,5,1,
622,70,116,90,2,HS,1,RW,2,2,l,5,1,
623,71,153,90,1,HS,1,NE,1,1,w,2,1,
624,72,947.5539885,5,6,HS,1,sh,6,6,l,5,1,
625,72,72,28,1,HS,1,ne,1,2,l,1,1,
626,72,947.5539885,38,1,HS,1,sh,1,1,l,5,1,
627,72,394.08867,44,3,HS,1,ne,3,3,w,5,1,
628,72,826.3552226,45,2,HS,1,sh,1,2,l,5,1,
629,72,575,54,9,HS,1,ne,9,10,l,5,1,
630,72,176.2891141,90,1,HS,1,sh,1,1,w,2,1,
661,81,421,57,1,HS,1,HS,1,1,w,1,1,
662,81,167,65,1,hs,1,hs,1,2,l,5,1,
663,81,451.5599343,90,2,hs,1,ne,2,3,l,5,1,
664,81,753.5532314,90,2,HS,1,HS,2,2,l,5,1,
665,81,146,90,1,G,6,NE,,,w,,2,
666,82,1006.496477,9,8,hs,1,rw,8,12,l,5,1,
667,82,475.7983347,18,3,hs,1,rw,3,3,l,5,1,
668,82,281.5768302,36,1,HS,1,HS,1,1,w,2,2,
669,82,450.4504505,58,2,hs,1,oa,2,2,l,5,1,
670,83,494.3968359,35,2,HS,1,oa,1,3,w,5,2,
671,83,20,58,1,HS,1,HS,1,1,w,1,2,
672,83,85.81389112,73,1,HS,1,HS,1,1,w,1,2,
673,83,227.4225445,73,2,HP,1,OA,2,2,w,2,2,
674,83,120.8525599,87,1,HS,1,OA,1,1,w,3,2,
675,84,486,4,4,HS,1,SH,4,4,w,3,2,
676,84,56,24,1,HS,1,RW,1,1,w,3,2,
677,84,108,54,2,HS,1,RW,2,2,w,1,2,
678,84,412,60,1,HS,1,rw,1,1,w,1,2,
679,84,192.8162186,66,1,HS,1,SH,1,1,w,1,2,
680,84,82.63552226,75,1,HS,1,sh,1,1,w,2,2,
681,84,402,81,2,HS,1,rw,2,2,w,3,2,
682,85,192,24,1,HS,1,HS,1,1,w,2,2,
683,85,72,90,1,HS,2,NE,1,1,w,5,2,
684,86,517.8492728,0,5,DP,1,SH,4,6,w,2,2,
685,86,20,22,4,DP,1,RW,3,4,w,2,2,
686,86,341.5601587,24,3,DP,1,SH,3,4,w,2,2,
687,87,1377.258704,42,3,KW,3,SH,1,4,w,2,1,R
688,88,738.9162562,90,4,DP,1,NE,4,4,w,1,1,
689,89,2.744990393,90,1,G,6,RW,1,1,w,,1,
690,90,278,78,1,HS,1,SH,1,1,w,1,1,
271,15,43.91984628,0,1,g,6,rw,,,w,,4,
272,15,310,3,1,DP,1,RW,1,2,w,2,2,
273,15,2093.43323,12,1,H,3,SH,1,1,w,2,2,
274,15,131.8391562,25,1,G,6,OA,,,w,,2,
275,15,1200,38,1,H,2,MM,1,2,w,3,2,
276,15,800,50,5,KW,3,NE,5,5,w,2,2,T
277,15,7.31997438,80,1,g,6,rw,,,w,,4,
278,15,36.5998719,90,1,g,6,rw,,,w,,4,
279,15,146.3994876,90,2,DP,1,RW,2,3,w,2,2,
280,15,936.5359189,90,1,H,3,SH,1,1,w,1,2,
281,15,63.13477903,90,1,g,6,rw,,,w,,4,
282,15,46.65484744,90,2,dp,1,mm,2,2,w,2,4,
283,15,3.65998719,90,1,g,6,rw,,,w,,4,
284,16,322,2,1,hs,1,rw,1,1,w,3,2,
285,16,535,5,1,hs,1,oa,1,1,l,5,1,
286,16,251.6241193,9,4,dp,1,rw,4,5,w,2,2,
287,16,461.4370468,28,1,SSL,3,OA,1,1,w,2,2,
288,16,72,32,1,SSL,1,RW,1,1,w,2,3,
289,16,209,38,2,hs,1,oa,2,2,l,5,2,
290,16,128.0995517,46,1,dp,1,rw,1,1,w,1,2,
291,16,448.3484308,47,1,dp,1,rw,1,2,w,2,2,
292,16,50,90,1,SSL,1,E,1,1,w,1,2,
293,16,209,90,4,hs,1,oa,4,4,l,5,2,
294,16,123.5245677,180,1,SSL,3,RW,1,1,w,2,3,
295,17,674.8768473,4,1,DP,1,ne,1,1,w,1,3,
296,17,307.6246979,4,2,HP,1,oa,2,4,w,1,1,
297,17,383.4288233,6,1,SSL,2,sh,1,1,w,1,2,
298,17,312,27,1,HS,1,hs,1,1,w,3,3,
299,17,528.8673424,46,2,DP,1,sh,1,2,w,1,2,
300,17,114.3745997,48,2,DP,1,rw,2,2,w,1,2,
331,19,951.9978547,39,1,HS,1,HS,1,1,l,2,2,
332,19,183.6953607,42,1,DP,1,HS,1,1,w,3,2,
333,19,914.9967975,44,2,HP,1,rw,2,2,w,1,1,
334,19,242.4741513,46,1,HP,1,RW,1,1,w,2,1,
335,19,127.3799946,47,1,DP,1,HS,1,1,w,2,2,
336,19,731.997438,51,1,HS,6,rw,1,1,w,3,1,
337,19,951.9978547,63,1,HS,1,HS,1,1,l,2,2,
338,19,180,66,1,HS,1,rw,1,1,w,3,1,
339,19,5.493298176,71,1,G,6,oa,,,w,,1,
340,19,413,90,1,HS,1,oa,1,1,w,2,1,
341,19,900.9009009,90,3,HS,1,OA,3,3,l,5,2,
342,19,936.5359189,90,7,HS,1,SH,7,7,l,5,2,
343,19,462.0733827,90,1,HS,2,rw,1,1,w,5,1,
344,20,862.0689655,15,5,HS,1,NE,3,5,l,5,2,
345,20,68.62475981,22,1,HS,1,RW,1,1,w,3,2,
346,20,254.5155993,22,1,HS,1,NE,1,1,w,3,2,
347,20,528.8673424,35,1,DP,1,SH,1,2,w,1,2,
348,20,405.4649625,72,1,HS,1,SH,1,1,w,3,2,
349,20,187.5743435,90,1,HS,1,rw,1,1,w,1,1,
350,20,134.5045292,90,1,HS,1,rw,1,1,w,3,1,
351,21,623.4915527,0,1,HS,1,hs,1,1,w,3,1,
352,21,89.66968616,2,1,HS,1,rw,1,1,w,3,1,
353,21,224.1742154,3,1,HS,1,rw,1,1,w,2,1,
354,21,231.3794623,3,2,HP,1,sh,2,2,w,2,1,
355,21,111.2898901,6,1,HS,1,hs,1,1,w,3,1,
356,21,365.998719,11,1,HS,1,rw,1,1,w,3,1,
357,21,156.8785197,16,1,HS,1,hs,1,1,w,3,1,
358,21,321.8020917,18,2,HP,1,hs,2,3,w,1,1,
359,21,253.4156016,28,1,HS,1,sh,1,1,w,3,1,
360,21,252.6917161,29,1,HS,1,oa,1,1,w,4,1,
391,23,384.5308723,24,1,HS,1,OA,1,1,w,3,2,
392,23,82.39947264,32,1,G,6,OA,1,1,w,,2,
393,23,21.9731927,38,1,G,6,OA,,,w,,2,
394,23,71.41287629,44,1,HS,1,OA,1,1,w,3,3,
395,23,457,54,3,HS,1,oa,3,3,l,5,3,
396,23,249,56,5,HS,1,oa,5,5,l,5,3,
397,23,128.5431773,68,1,HS,1,OA,1,1,w,3,2,
398,23,219.731927,75,1,U,2,OA,1,1,w,3,2,
399,23,310,82,4,HS,1,hs,4,4,l,5,3,
400,23,347,85,1,HS,1,OA,1,1,w,1,2,
401,23,716,90,7,HS,1,OA,7,10,l,5,2,
402,23,161,90,3,HS,1,hs,3,3,l,5,2,
403,23,199,90,12,HS,1,hs,10,12,l,5,3,
404,23,253,90,15,HS,1,hs,15,18,l,5,3,
405,24,109.7996157,8,1,HS,1,RW,1,1,w,3,3,
406,24,288.2810405,9,1,HS,1,HS,1,1,w,4,1,
407,24,410.5090312,11,1,HS,1,NE,1,1,w,1,2,
408,24,427,34,1,HS,1,HS,1,1,w,3,3,
409,24,365,42,7,HS,1,RW,7,9,l,5,3,
410,24,85.38587849,52,1,G,6,NE,,,w,,1,
411,24,437.1145079,54,1,HS,1,HS,1,1,l,4,3,
412,24,537,89,6,HS,1,HS,5,6,l,2,3,
413,25,123.1527094,24,1,HS,1,ne,1,1,w,3,3,
414,25,142.8571429,32,1,HS,1,ne,1,1,w,3,3,
415,25,106.7323481,38,1,HS,1,ne,1,1,w,4,3,
416,25,799.6715928,50,1,HS,1,ne,1,1,w,1,3,
417,25,93.59605911,62,1,HS,1,ne,1,1,w,3,3,
418,26,192.1182266,0,1,HS,1,ne,1,1,w,3,2,
419,26,455,14,18,HS,1,hs,18,18,l,5,2,
420,26,96.07466374,18,1,HS,1,rw,1,1,w,3,2,
451,30,30,70,1,HS,1,e,1,1,w,3,2,
452,31,340,5,1,HS,1,SH,1,1,l,5,2,
453,31,304,8,2,HS,1,RW,2,2,l,5,2,
454,31,289,11,2,HS,1,SH,2,2,l,5,2,
455,31,344,58,3,HS,1,SH,3,3,l,5,2,
456,31,128.0995517,61,1,HS,1,RW,1,1,w,3,2,
457,31,465,63,1,HS,1,RW,1,1,l,5,2,
458,32,256.1991033,3,2,HP,1,RW,2,2,w,2,2,
459,32,283.6490072,8,1,HP,1,RW,1,1,w,1,2,
460,32,528.8673424,8,1,HS,2,sh,1,1,w,2,4,
461,32,105.2246317,9,1,HS,1,RW,1,1,w,3,2,
462,32,101.3662406,18,1,HS,1,SH,1,1,w,4,2,
463,32,352.5782283,22,1,DP,1,SH,1,2,w,2,2,
464,32,439.4638541,29,1,HS,1,oa,1,1,w,2,4,
465,32,201.6306743,39,1,HS,1,SH,1,1,w,1,2,
466,32,42,42,1,HS,1,RW,1,1,w,2,2,
467,32,253.4156016,42,1,HS,1,SH,1,1,w,1,2,
468,32,404,46,2,DP,1,HS,2,2,w,1,2,
469,32,43,51,1,HS,1,SH,1,1,w,2,2,
470,32,295.2842662,55,2,DP,1,SH,2,3,w,2,2,
471,32,52,56,1,HS,1,RW,1,1,w,1,2,
472,32,105,63,1,HS,1,SH,1,1,w,3,1,
473,32,533,67,1,HS,1,ne,1,1,w,2,4,
474,32,269.1716106,72,1,HS,1,oa,1,1,w,3,2,
475,32,317.7795656,74,1,HS,1,hs,1,1,w,1,4,
476,32,221,90,1,HS,2,ne,1,1,w,4,3,
477,32,59,90,1,HS,1,hs,1,1,w,4,2,
478,32,79,90,1,HS,1,ne,1,1,w,1,2,
479,32,394.08867,90,1,HS,1,ne,1,1,w,3,4,
480,32,18,90,2,HS,1,SH,2,2,w,2,2,
511,35,745,21,1,HS,1,oa,1,1,w,3,1,
512,35,135.1351351,28,1,HS,1,oa,1,1,w,1,1,
513,35,91,32,1,HS,1,oa,1,1,w,3,1,
514,35,417.4906614,78,1,HP,1,oa,1,1,w,2,2,
515,35,122,90,1,HS,1,rw,1,1,w,3,2,
516,35,420,90,6,HS,1,rw,6,7,l,5,2,
517,35,483.4102395,90,6,HS,1,oa,5,7,l,5,2,
518,35,714.1287629,90,3,HS,1,oa,3,5,l,5,2,
519,35,80,90,1,G,6,rw,,,w,,2,
520,35,387,90,3,HS,1,rw,3,4,w,5,2,
521,36,73.82106655,36,1,HS,1,sh,1,1,w,1,4,
522,36,153.8123489,54,2,DP,1,oa,2,2,w,2,1,
523,36,91.95402299,90,1,G,1,ne,,,w,,4,
524,37,142.8257526,1,2,HP,1,oa,2,3,w,1,2,
525,37,164.7989453,3,1,HP,1,oa,1,1,w,1,2,
526,37,19.77587343,23,1,HS,1,oa,1,1,w,4,2,
527,37,903.7275409,29,4,HP,1,hs,4,4,w,1,3,
528,38,418.6866461,4,3,DP,1,sh,2,3,w,2,2,
529,38,283.6490072,7,1,DP,1,rw,1,1,w,2,2,
530,38,176.2891141,21,2,HP,1,sh,1,2,w,2,4,
531,38,148.7439401,36,1,HS,1,sh,1,1,w,2,2,
532,39,172,36,1,HS,1,hs,1,1,l,5,2,
533,39,172,52,1,HS,1,hs,1,1,w,5,2,
534,39,164,74,15,HS,1,ne,14,15,l,5,2,
535,40,208,31,1,HS,1,ne,1,1,l,5,2,
536,40,219,54,1,HS,1,hs,1,1,l,5,2,
537,40,27.91461412,90,1,G,1,ne,,,w,,4,
538,41,328.407225,67,4,HS,1,NE,4,5,w,3,1,
539,41,275.4517409,84,1,HS,1,SH,1,1,w,3,1,
540,42,324,30,1,HS,1,OA,1,1,w,3,1,
571,52,241.7051198,48,1,G,6,OA,,,w,,1,
572,52,710,67,15,HS,1,HS,13,18,l,0,1,
573,53,398,9,1,HS,1,SH,1,1,w,3,2,
574,53,953,56,3,DP,1,OA,2,3,w,2,2,
575,54,589.9705015,22,1,HS,1,HS,1,1,w,2,1,
576,54,373.544276,35,1,HS,1,OA,1,1,w,1,1,
577,54,417.4906614,45,1,HS,1,OA,1,1,w,2,1,
578,54,734,72,3,HS,1,OA,3,5,w,3,1,
579,55,593.276203,22,1,H,3,OA,1,1,w,3,2,
580,55,1117,33,3,DP,1,SH,3,3,w,1,2,
581,55,2134.646962,83,1,DP,1,NE,1,1,w,2,2,
582,56,283.6490072,9,1,HS,2,rw,1,1,w,5,3,
583,56,197.7587343,34,1,HS,1,oa,1,1,w,1,2,
584,56,62.21978223,47,1,g,1,rw,,,w,,3,
585,57,26.81684098,6,1,G,1,hs,,,w,,4,
586,57,373.544276,54,1,G,1,oa,,,w,,4,
587,57,78.81773399,62,1,G,1,ne,,,w,,4,
588,58,252.6917161,0,1,HS,1,oa,1,1,w,1,4,
589,58,263.6783125,26,1,HS,1,oa,1,1,w,1,4,
590,58,80.45977011,36,1,HS,1,ne,1,1,w,3,4,
591,59,561,2,2,HS,1,rw,2,2,l,5,2,
592,59,460,48,1,HS,1,rw,1,1,w,1,1,
593,60,461,4,1,H,1,rw,1,1,w,2,3,
594,61,107.0546253,22,1,HS,1,rw,1,1,w,3,1,
595,62,1477.832512,90,2,H,3,NE,2,2,w,1,1,
596,63,8.814455707,0,1,G,6,SH,1,1,w,5,1,
597,63,51.78492728,48,1,SSL,1,SH,1,1,w,1,1,
598,64,345,59,1,HS,1,E,1,1,w,1,1,
599,65,636,18,2,HS,1,hs,2,2,w,3,1,
600,65,154.1968356,50,1,HS,1,hs,1,1,w,2,1,
631,72,779.9671593,90,1,HS,1,ne,1,1,w,3,1,
632,73,343.7637726,21,1,HS,1,sh,1,1,w,1,1,
633,73,474,37,1,HS,1,ne,1,1,w,2,1,
634,73,231.3794623,90,1,HS,1,sh,1,1,w,3,1,
635,73,147.7832512,90,1,HS,1,ne,1,1,w,2,1,
636,74,83.13220703,59,2,HP,1,hs,2,2,w,1,2,
637,74,958.7020649,78,2,HP,1,hs,2,2,w,1,2,
638,74,123.0498791,78,1,HS,1,oa,1,1,l,5,2,
639,75,328.407225,4,1,HS,1,NE,1,1,w,2,1,
640,75,821.7974072,7,1,HP,1,oa,1,1,w,1,2,
641,75,287.3563218,28,1,HS,1,NE,1,1,w,1,1,
642,75,234.6473585,62,1,HS,1,hs,1,1,w,3,2,
643,76,281.5768302,36,1,HS,1,HS,1,1,w,2,1,
644,77,257,27,1,HS,1,NE,1,1,w,1,2,
645,77,520,41,1,HS,1,NE,1,1,w,2,2,
646,77,163,90,1,HS,1,NE,1,1,w,2,2,
647,77,574.7126437,90,1,HS,1,NE,1,1,w,1,2,
648,78,348,59,1,hs,1,hs,1,1,w,3,1,
649,78,186,74,2,hs,1,hs,2,2,w,3,1,
650,78,195,90,1,hs,1,ne,1,1,w,3,1,
651,79,96.07466374,8,1,hs,1,rw,1,1,w,3,2,
652,79,531,90,3,hs,1,hs,2,3,l,5,2,
653,80,233.5830762,24,1,hs,1,sh,1,1,w,1,2,
654,80,901.0458568,37,1,hs,1,hs,1,1,l,5,2,
655,80,1067.323481,53,1,hs,1,ne,1,1,l,5,1,
656,80,248.055779,73,1,HS,1,HS,1,1,w,3,1,
657,80,536.3368195,90,2,HS,1,HS,2,2,l,5,1,
658,81,492.6108374,13,1,HS,1,NE,1,1,w,5,2,
659,81,283,29,1,hs,1,hs,1,1,l,5,1,
660,81,821.0180624,30,1,HS,1,NE,1,1,w,2,1,
691,91,1428.257526,86,30,pw,2,oa,30,40,w,5,2,
692,92,640.3940887,23,3,KW,1,NE,2,3,w,1,2,R
693,93,1576.35468,1,3,KW,3,NE,3,3,w,1,2,R
694,93,286.4698105,90,9,PW,2,SH,5,12,w,2,2,
695,94,725,79,3,KW,3,SH,3,3,w,3,2,R
696,95,159.7620097,54,1,hs,1,sh,1,1,w,3,2,
697,96,128.0995517,90,6,pw,1,rw,5,7,w,3,2,
698,97,933.86069,0,30,pw,1,oa,30,38,w,5,1,
699,97,823.9947264,0,25,pw,1,oa,25,30,w,5,1,
700,97,1208.525599,2,20,pw,1,oa,20,25,w,5,1,
701,97,2011.263073,3,3,pw,1,hs,3,5,w,5,1,
702,97,1208.525599,4,8,pw,1,oa,8,10,w,5,1,
703,97,1609.010459,9,9,pw,1,hs,9,10,w,5,1,
704,97,1474.926254,13,24,pw,1,hs,24,30,w,5,1,
705,97,1206.757844,19,23,pw,1,hs,23,27,w,5,1,
706,97,1139.715741,23,12,pw,1,hs,12,15,w,5,1,
707,97,171,23,2,hs,1,oa,2,2,w,3,1,
708,97,670.4210244,49,12,pw,1,hs,12,15,w,5,1,
709,97,770.9841781,57,5,pw,1,hs,5,5,w,5,1,
710,98,951.9978547,64,5,pw,1,hs,5,5,w,5,1,
711,98,1099.49048,70,15,pw,1,hs,15,20,w,5,1,
712,98,1340.842049,80,30,pw,1,hs,30,35,w,5,1,
713,98,530.6981426,90,7,pw,1,rw,5,10,w,5,1,
714,98,831.3220703,90,7,pw,1,hs,7,12,w,5,1,
715,98,1340.842049,90,10,pw,1,hs,10,15,w,5,1,
716,98,1340.842049,90,20,pw,1,hs,20,25,w,5,1,
717,99,310,34,1,HS,1,HS,1,1,w,4,3,
718,100,556.4494503,53,1,HS,1,HS,1,1,w,2,2,
719,101,556.4494503,53,1,HS,1,HS,1,1,w,2,2,
720,102,370,356,1,dp,1,mm,1,1,w,2,1,
721,102,510,0,1,dp,1,mm,1,1,w,2,1,
722,102,57.13030103,354,4,dp,2,oa,4,5,w,1,2,
723,102,4.664614236,0,1,g,,mm,1,1,w,,2,
724,103,280,49,2,dp,1,oa,1,2,w,3,2,
725,103,145,76,1,dp,1,rw,1,1,w,1,2,
726,103,340,4,2,dp,1,rw,2,2,w,2,2,
727,103,571.3030103,34,1,dp,1,oa,1,1,w,3,2,
728,103,400,0,2,dp,1,rw,2,2,w,1,2,
729,103,58.3501006,37,1,dp,2,mf,1,1,w,3,2,
730,103,256.5392354,334,2,dp,1,mf,2,2,w,4,2,
731,103,570,358,2,dp,1,mf,2,2,w,1,2,
732,103,684.4649528,112,1,dp,1,oa,1,1,w,2,2,
733,103,305,63,2,dp,1,rw,2,2,w,2,1,
734,103,850,4,2,dp,1,oa,2,2,w,2,2,
735,103,41.17485589,86,1,dp,1,rw,1,2,w,2,4,
736,103,130.7847082,325,1,g,,mf,1,1,w,,2,
737,103,200,286,1,g,,mf,1,1,w,,2,
738,103,215,353,1,m,1,rw,1,1,w,1,2,
739,104,140,10,2,dp,1,rw,2,2,w,1,1,
740,104,1650,16,3,dp,2,oa,3,3,w,1,1,
741,104,420,31,2,dp,1,mm,2,2,w,1,1,
742,104,178.4243755,287,2,dp,1,rw,2,2,w,1,2,
743,104,510,346,2,h,1,rw,2,2,w,1,1,
744,104,1400,11,1,h,1,rw,1,1,w,2,1,
745,104,2450,233,3,h,2,rw,3,4,w,5,1,
746,104,530,272,3,h,1,oa,3,4,w,5,1,
747,104,752.5818501,44,2,hp,1,oa,2,3,w,2,1,
748,104,538.3432213,1,2,hp,1,oa,2,2,w,2,1,
749,104,191.1468813,74,1,hs,1,mf,1,1,w,2,1,
750,104,2332.307118,12,1,u.lgwhale,3,mm,1,1,w,5,1,
781,107,128.0995517,322,2,dp,2,rw,2,2,w,1,2,
782,107,8.396305626,84,1,g,,mm,,,w,,1,
783,107,25.26917161,286,1,g,,oa,,,w,,1,
784,107,13.99384271,76,1,g,,mm,,,w,,3,
785,107,9.329228473,0,1,g,,mm,,,w,,3,
786,107,6.530459931,78,1,g,,mm,,,w,,1,
787,107,31.71937681,210,1,g,,mm,,,w,,1,
788,107,8.396305626,36,1,g,,mm,,,w,,1,
789,107,77.43259632,344,1,g,,mm,,,w,,1,
790,107,7.31997438,77,1,g,,rw,1,1,w,,2,
791,107,415,16,2,hp,1,mf,2,2,w,2,1,
792,107,1000,1,4,hp,1,oa,4,5,w,2,1,
793,107,301.8108652,280,2,hp,1,mf,2,2,w,2,1,
794,107,269.1716106,303,3,hp,1,oa,3,3,w,1,1,
795,107,593.276203,294,2,hp,1,oa,2,3,w,1,1,
796,107,580,87,1,hp,1,mf,1,1,w,1,1,
797,107,565,60,2,hp,1,oa,2,2,w,1,1,
798,107,285,6,2,hp,1,oa,2,2,w,2,1,
799,107,118,258,3,hp,1,oa,3,3,w,1,1,
800,107,410,29,1,hp,1,mf,1,1,w,2,1,
801,107,699.8461877,326,2,hp,1,oa,2,2,w,1,1,
802,107,510,356,3,hp,1,oa,3,3,w,1,1,
803,107,164.6994236,0,1,hs,1,rw,1,1,l,1,1,
804,107,181.0865191,0,3,hs,1,mf,3,3,w,3,1,
805,107,223.9014833,286,1,m,1,mm,1,1,w,4,1,
806,107,1000,16,1,m,1,oa,1,1,w,1,1,
807,107,5.493298176,2,1,s,1,oa,1,1,w,3,3,
808,107,18.29993595,199,2,ssl,2,rw,2,2,w,3,2,
809,108,2526.917161,331,1,f,3,oa,1,1,w,5,2,
810,108,1772.55341,22,1,f,3,mm,1,1,w,1,2,
841,110,1955,26,1,f,3,mf,1,1,w,1,2,
842,110,1955,26,1,f,3,sf,1,1,w,1,2,
843,110,2000,294,1,f,3,sf,1,1,w,5,2,
844,110,298.5353111,336,1,f,1,mm,1,1,w,1,2,
845,110,2100,19,1,f,3,rw,1,1,w,2,2,
846,110,160.1244396,313,2,f,1,rw,2,2,w,1,2,
847,110,681.1689739,238,1,f,3,oa,1,1,w,2,2,
848,110,720,11,1,f,1,sf,1,1,w,4,2,
849,110,700,33,1,f,3,sf,1,1,w,2,1,
850,110,255.1743692,341,1,g,,sf,1,1,w,,2,
851,110,20.12992955,16,1,g,,rw,1,1,w,,1,
852,110,16.46994236,17,1,g,,rw,1,1,w,,1,
853,110,10.06496477,328,1,g,,rw,1,1,w,,1,
854,110,16.79261125,313,1,g,,mm,1,1,w,,1,
855,110,2600,338,4,h,3,mm,3,5,w,1,2,
856,110,2600,338,4,h,3,mm,3,5,w,1,2,
857,110,2350,38,4,h,3,mf,4,6,w,1,2,
858,110,2350,38,4,h,3,mf,4,6,w,1,2,
859,110,681.1689739,12,2,h,3,oa,2,3,w,1,2,
860,110,1306.091986,276,2,h,3,mm,2,2,w,1,2,
861,110,1417.635384,299,1,h,,sf,1,1,w,3,2,
862,110,1275.871846,270,1,h,3,sf,1,1,w,3,2,
863,110,2835.270768,308,1,h,3,sf,1,1,w,5,2,
864,110,2425.599403,8,1,h,3,mm,1,1,w,5,2,
865,110,71,64,1,hs,1,rw,1,1,w,3,1,
866,110,480,27,2,hs,1,rw,2,2,l,1,1,
867,110,485,26,2,hs,1,rw,2,2,w,3,1,
868,110,9.329228473,0,1,mm,1,mm,1,1,w,5,1,
869,110,65.30459931,273,2,mm,1,mm,2,2,w,1,1,
870,110,17.7255341,9,1,mm,1,mm,1,1,w,3,1,
901,111,137.2495196,359,1,h,1,rw,1,1,w,1,2,
902,111,2000,310,2,h,3,gh,2,2,w,2,2,
903,111,540,49,1,h,3,rw,1,2,w,5,2,
904,111,800,44,6,h,3,team,6,12,w,2,2,
905,111,541,255,4,hs,1,rw,4,5,l,5,2,
906,111,18,90,1,mm,1,rw,1,1,w,5,4,
907,111,195.9137979,75,11,pw,1,mm,8,11,w,3,1,
908,111,1500,55,15,pw,2,gh,10,20,w,5,1,
909,111,362.5576796,89,6,pw,2,oa,4,10,w,2,1,
910,111,850,33,2,pw,1,oa,1,2,w,2,1,
911,111,1679.261125,339,2,pw,1,mm,2,6,w,5,2,
912,111,878.9277082,317,1,pw,1,oa,1,1,w,5,2,
913,111,129.641837,13,2,pw,1,oa,2,2,w,1,2,
914,111,746.3382778,358,3,pw,2,mm,3,3,w,1,2,
915,111,1050,18,1,pw,2,mf,1,1,w,5,2,
916,111,1492.676556,0,4,pw,2,mm,4,4,w,5,2,
917,111,274.4990393,1,1,pw,1,rw,1,1,w,1,2,
918,111,1600,345,5,pw,2,rw,5,10,w,1,2,
919,111,68.62475981,5,1,pw,1,rw,1,1,w,3,2,
920,111,425,96,2,pw,1,mf,2,3,w,2,2,
921,111,600,354,2,pw,1,mm,2,3,w,1,2,
922,111,148.3190508,28,2,pw,1,oa,1,1,w,1,2,
923,111,1200,354,1,pw,1,mm,1,1,w,1,2,
924,111,750,22,3,pw,2,oa,2,6,w,2,2,
925,111,700,330,12,pw,2,gh,12,15,w,5,2,
926,111,793.8758151,332,3,pw,2,gh,3,5,w,1,2,
927,111,219.5992314,39,4,pw,1,rw,4,4,w,2,2,
928,111,141.7635384,346,3,pw,2,gh,3,3,w,4,2,
929,111,283.6490072,47,3,pw,1,rw,2,4,w,5,2,
930,111,283.5270768,89,2,pw,1,sf,2,3,w,2,2,
961,113,141.7635384,324,3,dp,2,sf,3,3,w,3,1,
962,113,274.4990393,108,2,dp,1,rw,2,3,w,3,2,
963,113,410,33,1,dp,1,rw,1,1,w,4,2,
964,113,530,86,1,dp,1,rw,1,2,w,2,1,
965,113,82.34971178,301,1,es,1,rw,1,1,w,3,2,
966,113,74.63382778,60,1,g,,mm,,,w,,2,
967,113,131,270,1,hs,1,mf,1,1,l,5,3,
968,113,714.2857143,337,2,kw,3,mf,2,2,w,2,3,R
969,113,231.38833,359,1,kw,1,mf,1,1,w,1,3,R
970,113,427.5653924,35,10,kw,1,mf,9,11,w,2,3,R
971,113,503.0181087,180,1,m,1,mf,1,1,w,1,2,
972,113,878.9277082,331,1,m?,3,oa,1,1,w,1,2,
973,113,125,338,1,mm,1,rw,1,1,w,1,2,
974,113,2800,0,50,pw,2,mf,40,100,w,5,1,
975,113,710,17,200,pw,2,rw,100,300,w,5,1,
976,113,710,5,200,pw,2,rw,100,300,w,5,1,
977,113,710,355,200,pw,2,rw,100,300,w,5,1,
978,113,710,10,100,pw,2,rw,100,300,w,5,1,
979,113,2710,350,100,pw,2,rw,100,300,w,5,1,
980,113,2500,300,50,pw,2,rw,50,150,w,5,1,
981,113,2800,310,50,pw,2,rw,50,150,w,5,1,
982,113,11.89495837,22,1,s,1,rw,1,1,w,2,2,
983,113,25.61991033,228,1,s,1,rw,1,1,w,3,2,
984,113,73.1997438,7,1,s,0,rw,1,1,w,4,1,
985,113,41.17485589,342,1,s,1,rw,1,1,w,2,1,
986,113,24.14486922,12,1,s,1,mf,1,1,w,1,1,
987,113,18.65845695,343,1,s,1,mm,1,1,w,1,1,
988,113,2.835270768,359,1,s,1,sf,1,1,w,1,1,
989,113,42.52906153,255,1,s,1,sf,1,1,w,1,1,
990,113,20.12072435,46,1,s,1,mf,1,1,w,3,1,
1021,115,763,26,5,pw,2,oa,4,6,w,1,2,
1022,115,38.45308723,354,1,s,1,oa,1,1,w,3,4,
1023,115,68.11689739,6,1,s,1,oa,1,1,w,3,3,
1024,115,4.252906153,32,1,s,1,sf,1,1,w,3,1,
1025,115,16.46994236,346,1,s,1,rw,1,1,w,4,1,
1026,115,36.5998719,351,1,s,1,rw,1,1,w,1,1,
1027,115,59.47479184,1,1,s,1,rw,1,1,w,4,2,
1028,115,66.79476622,17,1,s,1,rw,1,1,w,4,2,
1029,115,38.27615537,305,1,s,1,sf,1,1,w,3,2,
1030,115,10.26215132,324,1,s,1,mm,1,1,w,1,2,
1031,115,8.396305626,24,1,s,1,mm,1,1,w,2,2,
1032,115,65.30459931,302,1,s,1,mm,1,1,w,1,2,
1033,115,35.4408846,314,1,s,1,sf,1,1,w,3,2,
1034,115,921,82,1,u.porp,1,oa,1,2,w,1,4,
1035,116,121.2799701,303,2,hp,1,mm,2,2,w,1,2,
1036,116,241,224,2,hs,1,mf,2,2,l,5,3,
1037,116,839.6305626,282,1,ssl,2,mm,1,1,w,1,3,
1038,117,76.90617447,319,2,hp,1,oa,2,2,w,1,2,
1039,117,118.9495837,347,2,ssl,1,rw,2,2,w,2,2,
1040,118,425.2906153,110,4,hs,1,sf,2,4,l,5,3,
1041,118,212.6453076,80,4,hs,1,sf,4,4,l,5,3,
1042,119,311.8797845,35,2,dp,1,gh,2,2,w,2,1,
1043,119,708.8176921,60,3,dp,1,gh,3,3,w,2,1,
1044,119,779.6994613,310,1,dp,1,gh,1,1,w,5,2,
1045,119,79,271,1,hs,1,gh,1,1,w,3,1,
1046,119,106.3226538,60,1,hs,1,sf,1,1,w,3,2,
1047,120,1417.635384,322,2,f,3,sf,2,2,w,4,2,
1048,120,1204.990077,343,3,f,3,sf,3,3,w,1,2,
1049,120,992.3447689,37,2,f,3,sf,2,2,w,4,2,
1050,120,46.64614236,51,1,g,,mm,,,w,,2,
751,105,461.4370468,310,1,es,1,oa,1,1,w,3,1,
752,105,15.55494556,270,1,g,,rw,1,1,w,,1,
753,105,212.279257,311,1,g,,rw,1,1,w,,1,
754,105,143.9244122,102,1,g,,oa,1,1,w,,1,
755,105,8.396305626,275,1,g,,mm,1,1,w,7,2,
756,105,578.4121653,336,1,g,,mm,1,1,w,9,1,
757,105,31.10989112,71,1,g,,rw,1,1,w,11,1,
758,105,38.4298655,297,1,g,,rw,1,1,w,,1,
759,105,2197.31927,356,2,h,3,oa,2,2,w,3,1,
760,105,310,1,2,hp,2,mm,2,2,w,1,1,
761,105,174,51,2,hp,3,oa,2,3,w,1,1,
762,105,620,308,8,hs,1,oa,6,10,l,5,2,
763,105,1812.788398,251,1,hs,1,oa,1,1,l,1,2,
764,105,669,304,2,hs,1,mm,2,2,l,5,2,
765,105,824.9496982,92,2,hs,1,mf,2,2,l,5,1,
766,105,283.6490072,358,1,hs,1,rw,1,1,w,3,1,
767,105,816.304109,332,2,hs,1,oa,2,2,l,5,2,
768,105,154,336,1,hs,1,rw,1,1,w,1,1,
769,105,181,74,1,hs,1,rw,1,1,w,1,1,
770,105,487,270,3,ssl,1,rw,3,4,l,5,2,
771,106,385,359,1,dp,2,rw,1,2,w,1,2,
772,106,11.89495837,28,1,g,,rw,1,1,w,,2,
773,106,48.49483027,9,1,g,,rw,1,1,w,,2,
774,106,28.16901408,72,1,g,,mf,1,1,w,,2,
775,106,75.0297374,4,1,g,,rw,1,1,w,,2,
776,106,38.4298655,18,1,g,1,rw,1,1,w,2,2,
777,106,125.3545613,48,1,hp,1,rw,1,1,w,2,2,
778,106,251.6241193,313,1,hs,1,rw,1,1,w,3,2,
779,107,710,58,1,dp,1,mm,1,2,w,2,1,
780,107,320,34,2,dp,1,mm,2,3,w,5,1,
811,108,79.10349374,345,1,g,,oa,,,w,,2,
812,108,55.33199195,325,1,g,,mf,,,w,,2,
813,108,109.8659635,5,1,hp,1,oa,1,1,w,1,2,
814,108,73.44064386,334,1,hs,1,mf,1,1,w,1,2,
815,108,746.3382778,330,1,m,3,mm,1,1,w,1,2,
816,108,57.13030103,319,1,s,1,oa,1,1,w,1,2,
817,108,754.527163,22,1,ssl,1,mf,1,1,l,3,2,
818,108,692.1555702,10,16,ssl,1,oa,16,16,l,5,2,
819,109,878.9277082,334,1,f,1,oa,1,1,w,1,1,
820,109,1757.855416,332,2,f,3,oa,2,2,w,1,1,
821,109,25.26917161,180,1,g,,oa,,,w,,2,
822,109,70.31421666,2,1,g,,oa,,,w,,2,
823,109,746.3382778,292,1,g,,mm,,,w,,1,
824,109,27.98768542,270,1,g,,mm,,,w,,1,
825,109,1977.587343,36,3,h,3,oa,3,4,w,2,2,
826,109,100.6036217,270,1,h,1,mf,1,1,w,1,2,
827,109,2526.917161,3,4,h,3,oa,4,4,w,1,2,
828,109,2332.307118,4,2,h,3,mm,2,2,w,2,2,
829,109,848.959791,33,2,h,1,mm,2,2,w,2,2,
830,109,1810.865191,352,1,h,1,mf,1,1,w,2,1,
831,109,1318.391562,0,1,h,1,oa,1,1,w,1,1,
832,109,2397.611718,347,2,h,1,mm,2,3,w,1,1,
833,109,422.9839596,7,2,hp,3,oa,2,2,w,1,2,
834,109,792.9844202,49,35,hs,1,mm,30,40,l,5,2,
835,110,251.8891688,317,1,f,1,mm,1,1,w,1,2,
836,110,223,59,1,f,3,mf,1,1,w,3,2,
837,110,4252.906153,289,1,f,3,sf,1,1,w,5,2,
838,110,1701.162461,323,2,f,3,sf,2,2,w,5,2,
839,110,107.0546253,278,1,f,1,rw,1,1,w,2,2,
840,110,107.0546253,278,1,f,1,rw,1,1,w,2,2,
871,110,2500,72,15,pw,2,oa,10,20,w,2,2,
872,110,121.2799701,334,2,pw,1,mm,1,2,w,2,2,
873,110,519.6660075,58,3,pw,1,oa,3,5,w,1,2,
874,110,2112.676056,344,3,pw,2,mf,2,4,w,3,2,
875,110,45.74983988,81,4,pw,1,rw,4,6,w,1,2,
876,110,45.74983988,81,4,pw,1,rw,4,6,w,1,2,
877,110,708.8176921,279,2,pw,2,sf,2,6,w,1,2,
878,110,708.8176921,279,2,pw,2,sf,2,6,w,1,2,
879,110,858.2890195,308,3,pw,2,mm,3,5,w,2,2,
880,110,1200,283,1,pw,2,sf,1,2,w,2,2,
881,110,500,283,10,pw,2,sf,2,20,w,2,2,
882,110,1389,281,50,pw,2,rw,40,60,w,5,2,
883,110,1852,290,150,pw,2,rw,100,200,w,5,2,
884,110,65.87976942,39,1,s,1,rw,1,1,w,3,1,
885,110,19.21493275,314,1,s,1,rw,1,1,w,5,1,
886,110,1021.753461,43,1,sei,3,oa,1,1,w,1,2,
887,110,425.2906153,312,1,u.lgwhale,1,sf,1,1,w,5,2,
888,110,4252.906153,17,1,u.lgwhale,3,sf,1,1,w,5,2,
889,111,184.2925999,266,1,dp,1,gh,1,1,w,1,1,
890,111,700,264,2,dp,1,oa,2,4,w,2,1,
891,111,37.31691389,311,2,dp,1,mm,2,3,w,1,1,
892,111,988.7936717,47,2,dp,1,oa,1,3,w,5,2,
893,111,1800,3,2,f,3,mm,2,2,w,2,2,
894,111,630,133,2,f,1,rw,2,2,w,1,2,
895,111,457.4983988,220,2,f,1,rw,2,2,w,2,2,
896,111,100.6496477,0,1,f,1,rw,1,1,w,1,2,
897,111,1000,111,1,f,3,sf,1,1,w,4,2,
898,111,800,44,8,f,3,team,8,8,w,5,2,
899,111,2500,48,2,h,2,oa,2,3,w,5,2,
900,111,1000,345,2,h,1,gh,2,2,w,2,2,
931,111,800,44,80,pw,2,team,60,100,w,5,2,
932,111,4.574983988,90,1,s,1,rw,1,1,w,2,2,
933,112,420,257,1,dp,1,sf,1,1,w,2,2,
934,112,39.34486229,260,1,g,,rw,,,w,,3,
935,112,1500,12,1,h,2,mm,1,2,w,1,3,
936,112,3076.246979,299,1,h,3,oa,1,1,w,5,3,
937,112,4122.170951,356,1,h,3,oa,1,1,w,3,3,
938,112,1006.496477,345,2,h,3,rw,2,2,w,5,3,
939,112,2197.31927,321,1,h,3,oa,1,1,w,5,3,
940,112,347,111,10,hs,1,mm,9,12,l,5,2,
941,112,1106.639839,47,8,hs,1,mf,7,9,l,5,2,
942,112,1500,121,1,hs,1,sf,1,1,w,4,2,
943,112,292.7989752,338,1,mm,2,rw,1,1,w,2,2,
944,112,32.95978906,4,1,s,1,oa,1,1,w,4,3,
945,112,12.75871846,92,1,s,1,sf,1,1,w,2,2,
946,112,80.20215337,73,1,s,1,oa,1,1,w,4,2,
947,112,17.7255341,19,1,s,1,mm,1,1,w,2,2,
948,112,19.59137979,21,1,s,1,mm,1,1,w,4,3,
949,112,36.85851999,26,1,s,1,sf,1,1,w,4,3,
950,112,33.5852225,36,1,s,1,mm,1,1,w,4,3,
951,112,45.36433229,32,1,s,1,sf,1,1,w,4,3,
952,112,21.45722549,23,1,s,1,mm,1,1,w,1,3,
953,112,73.1997438,80,1,s,1,rw,1,1,w,1,3,
954,112,64.04977583,340,1,s,1,rw,1,1,w,1,3,
955,112,24.25599403,48,1,s,1,mm,1,1,w,3,3,
956,112,29.27989752,28,1,s,1,rw,1,1,w,3,3,
957,112,24.70491353,308,1,s,1,rw,1,1,w,3,3,
958,112,49.40982707,0,1,s,1,rw,1,1,w,1,3,
959,112,26.12183972,94,1,s,1,mm,1,1,w,3,3,
960,112,1800,62,2,u.lgwhale,3,mm,2,2,w,5,3,
991,113,69.96921355,36,1,s,1,mm,1,1,w,2,2,
992,113,38.45308723,287,1,s,1,oa,1,1,w,1,2,
993,113,175.6793851,94,1,s,1,rw,1,1,w,5,2,
994,113,425.2906153,11,1,s,1,gh,1,1,w,3,2,
995,113,120.7243461,283,1,s,1,mf,1,1,w,1,2,
996,113,7.088176921,9,1,s,1,sf,1,1,w,3,2,
997,113,123.5245677,278,1,ssl,1,rw,1,1,w,2,2,
998,113,15.09054326,55,1,u,2,mf,1,1,w,5,1,
999,114,118.9495837,24,1,dp,1,rw,1,1,w,3,4,
1000,114,30.76246979,323,1,g,,oa,1,1,w,,3,
1001,114,10.26215132,342,1,g,,mm,1,1,w,,2,
1002,114,401.0107669,54,1,hp,1,oa,1,1,w,3,2,
1003,114,375.148687,314,1,m,2,rw,1,1,w,1,2,
1004,114,75,78,1,mm,1,rw,1,1,w,1,3,
1005,114,27.44990393,0,1,mm,1,rw,1,1,w,2,2,
1006,114,40.24144869,321,1,mm,1,mf,1,1,w,1,2,
1007,114,11.89495837,0,1,s,1,rw,1,1,w,1,2,
1008,114,6.530459931,274,1,s,1,mm,1,1,w,1,2,
1009,114,24.70491353,314,1,s,1,rw,1,1,w,2,2,
1010,114,56.72980145,333,1,s,1,rw,1,1,w,3,3,
1011,114,16.79261125,348,1,s,1,mm,1,1,w,1,1,
1012,114,90.54325956,111,1,s,1,mf,1,1,w,2,4,
1013,114,32.02488791,342,1,s,1,rw,1,1,w,2,4,
1014,114,7.690617447,3,1,s,1,oa,1,1,w,3,4,
1015,114,587.7413938,299,1,so,1,mm,1,1,w,1,2,
1016,114,342.7818062,298,1,so,1,oa,1,1,w,1,2,
1017,114,58.22896067,17,1,ssl,1,oa,1,1,w,3,2,
1018,115,23,97,1,g,,rw,1,1,w,,2,
1019,115,17.38493915,50,1,g,,rw,1,1,w,,2,
1020,115,9.149967975,359,1,g,,rw,1,1,w,,2,
1051,120,28.35270768,47,1,g,,gh,,,w,,2,
1052,120,142.8257526,353,1,g,,oa,,,w,,2,
1053,120,27.98768542,50,1,g,,mm,,,w,,3,
